id,password,last_login,is_superuser,username,last_name,email,is_staff,is_active,date_joined,first_name
1,pbkdf2_sha256$720000$TGoglVNG7FQaixFVGorlmy$ksL/Chi2qLDXfJMsNJWK4Je9vqf0J99EKUF4TQeFhQA=,14:33.6,1,dell,,kushal.bhattarai23@gmail.com,1,1,39:43.5,
2,pbkdf2_sha256$720000$TGoglVNG7FQaixFVGorlmy$ksL/Chi2qLDXfJMsNJWK4Je9vqf0J99EKUF4TQeFhQA=,34:08.2,0,user2,,kushal.bhattarai23+user2@gmail.com,0,1,39:43.5,
3,pbkdf2_sha256$720000$TGoglVNG7FQaixFVGorlmy$ksL/Chi2qLDXfJMsNJWK4Je9vqf0J99EKUF4TQeFhQA=,00:43.6,0,user3,,kushal.bhattarai23+user3@gmail.com,0,1,39:43.5,
4,pbkdf2_sha256$720000$TGoglVNG7FQaixFVGorlmy$ksL/Chi2qLDXfJMsNJWK4Je9vqf0J99EKUF4TQeFhQA=,13:55.2,0,user4,,kushal.bhattarai23+user4@gmail.com,0,1,39:43.5,
5,pbkdf2_sha256$720000$TGoglVNG7FQaixFVGorlmy$ksL/Chi2qLDXfJMsNJWK4Je9vqf0J99EKUF4TQeFhQA=,34:04.0,0,user5,,kushal.bhattarai23+user5@gmail.com,0,1,39:43.5,
6,pbkdf2_sha256$720000$TGoglVNG7FQaixFVGorlmy$ksL/Chi2qLDXfJMsNJWK4Je9vqf0J99EKUF4TQeFhQA=,34:22.2,0,user6,,kushal.bhattarai23+user6@gmail.com,0,1,39:43.5,
7,pbkdf2_sha256$720000$TGoglVNG7FQaixFVGorlmy$ksL/Chi2qLDXfJMsNJWK4Je9vqf0J99EKUF4TQeFhQA=,40:19.7,0,user7,,kushal.bhattarai23+user7@gmail.com,0,1,39:43.5,
8,pbkdf2_sha256$720000$TGoglVNG7FQaixFVGorlmy$ksL/Chi2qLDXfJMsNJWK4Je9vqf0J99EKUF4TQeFhQA=,40:19.7,0,user8,,kushal.bhattarai23+user8@gmail.com,0,1,39:43.5,
9,pbkdf2_sha256$720000$TGoglVNG7FQaixFVGorlmy$ksL/Chi2qLDXfJMsNJWK4Je9vqf0J99EKUF4TQeFhQA=,40:19.7,0,user9,,kushal.bhattarai23+user9@gmail.com,0,1,39:43.5,
10,pbkdf2_sha256$720000$TGoglVNG7FQaixFVGorlmy$ksL/Chi2qLDXfJMsNJWK4Je9vqf0J99EKUF4TQeFhQA=,40:19.7,0,user10,,kushal.bhattarai23+user10@gmail.com,0,1,39:43.5,
11,pbkdf2_sha256$720000$TGoglVNG7FQaixFVGorlmy$ksL/Chi2qLDXfJMsNJWK4Je9vqf0J99EKUF4TQeFhQA=,40:19.7,0,user11,,kushal.bhattarai23+user11@gmail.com,0,1,39:43.5,
12,pbkdf2_sha256$720000$TGoglVNG7FQaixFVGorlmy$ksL/Chi2qLDXfJMsNJWK4Je9vqf0J99EKUF4TQeFhQA=,40:19.7,0,user12,,kushal.bhattarai23+user12@gmail.com,0,1,39:43.5,
13,pbkdf2_sha256$720000$TGoglVNG7FQaixFVGorlmy$ksL/Chi2qLDXfJMsNJWK4Je9vqf0J99EKUF4TQeFhQA=,40:19.7,0,user13,,kushal.bhattarai23+user13@gmail.com,0,1,39:43.5,
14,pbkdf2_sha256$720000$TGoglVNG7FQaixFVGorlmy$ksL/Chi2qLDXfJMsNJWK4Je9vqf0J99EKUF4TQeFhQA=,40:19.7,0,user14,,kushal.bhattarai23+user14@gmail.com,0,1,39:43.5,
15,pbkdf2_sha256$720000$TGoglVNG7FQaixFVGorlmy$ksL/Chi2qLDXfJMsNJWK4Je9vqf0J99EKUF4TQeFhQA=,40:19.7,0,user15,,kushal.bhattarai23+user15@gmail.com,0,1,39:43.5,
16,pbkdf2_sha256$720000$TGoglVNG7FQaixFVGorlmy$ksL/Chi2qLDXfJMsNJWK4Je9vqf0J99EKUF4TQeFhQA=,40:19.7,0,user16,,kushal.bhattarai23+user16@gmail.com,0,1,39:43.5,
17,pbkdf2_sha256$720000$TGoglVNG7FQaixFVGorlmy$ksL/Chi2qLDXfJMsNJWK4Je9vqf0J99EKUF4TQeFhQA=,40:19.7,0,user17,,kushal.bhattarai23+user17@gmail.com,0,1,39:43.5,
18,pbkdf2_sha256$720000$TGoglVNG7FQaixFVGorlmy$ksL/Chi2qLDXfJMsNJWK4Je9vqf0J99EKUF4TQeFhQA=,40:19.7,0,user18,,kushal.bhattarai23+user18@gmail.com,0,1,39:43.5,
19,pbkdf2_sha256$720000$TGoglVNG7FQaixFVGorlmy$ksL/Chi2qLDXfJMsNJWK4Je9vqf0J99EKUF4TQeFhQA=,40:19.7,0,user19,,kushal.bhattarai23+user19@gmail.com,0,1,39:43.5,
20,pbkdf2_sha256$720000$TGoglVNG7FQaixFVGorlmy$ksL/Chi2qLDXfJMsNJWK4Je9vqf0J99EKUF4TQeFhQA=,40:19.7,0,user20,,kushal.bhattarai23+user20@gmail.com,0,1,39:43.5,
21,pbkdf2_sha256$720000$TGoglVNG7FQaixFVGorlmy$ksL/Chi2qLDXfJMsNJWK4Je9vqf0J99EKUF4TQeFhQA=,40:19.7,0,user21,,kushal.bhattarai23+user21@gmail.com,0,1,39:43.5,
22,pbkdf2_sha256$720000$TGoglVNG7FQaixFVGorlmy$ksL/Chi2qLDXfJMsNJWK4Je9vqf0J99EKUF4TQeFhQA=,40:19.7,0,user22,,kushal.bhattarai23+user22@gmail.com,0,1,39:43.5,
23,pbkdf2_sha256$720000$TGoglVNG7FQaixFVGorlmy$ksL/Chi2qLDXfJMsNJWK4Je9vqf0J99EKUF4TQeFhQA=,40:19.7,0,user23,,kushal.bhattarai23+user23@gmail.com,0,1,39:43.5,
24,pbkdf2_sha256$720000$TGoglVNG7FQaixFVGorlmy$ksL/Chi2qLDXfJMsNJWK4Je9vqf0J99EKUF4TQeFhQA=,40:19.7,0,user24,,kushal.bhattarai23+user24@gmail.com,0,1,39:43.5,
25,pbkdf2_sha256$720000$TGoglVNG7FQaixFVGorlmy$ksL/Chi2qLDXfJMsNJWK4Je9vqf0J99EKUF4TQeFhQA=,40:19.7,0,user25,,kushal.bhattarai23+user25@gmail.com,0,1,39:43.5,
26,pbkdf2_sha256$720000$TGoglVNG7FQaixFVGorlmy$ksL/Chi2qLDXfJMsNJWK4Je9vqf0J99EKUF4TQeFhQA=,40:19.7,0,user26,,kushal.bhattarai23+user26@gmail.com,0,1,39:43.5,
28,pbkdf2_sha256$720000$TGoglVNG7FQaixFVGorlmy$ksL/Chi2qLDXfJMsNJWK4Je9vqf0J99EKUF4TQeFhQA=,40:19.7,0,user27,,kushal.bhattarai23+user27@gmail.com,0,1,39:43.5,
29,pbkdf2_sha256$720000$TGoglVNG7FQaixFVGorlmy$ksL/Chi2qLDXfJMsNJWK4Je9vqf0J99EKUF4TQeFhQA=,40:19.7,0,user28,,kushal.bhattarai23+user28@gmail.com,0,1,39:43.5,
30,pbkdf2_sha256$720000$TGoglVNG7FQaixFVGorlmy$ksL/Chi2qLDXfJMsNJWK4Je9vqf0J99EKUF4TQeFhQA=,40:19.7,0,user29,,kushal.bhattarai23+user29@gmail.com,0,1,39:43.5,
31,pbkdf2_sha256$720000$TGoglVNG7FQaixFVGorlmy$ksL/Chi2qLDXfJMsNJWK4Je9vqf0J99EKUF4TQeFhQA=,40:19.7,0,user30,,kushal.bhattarai23+user30@gmail.com,0,1,39:43.5,
32,pbkdf2_sha256$720000$TGoglVNG7FQaixFVGorlmy$ksL/Chi2qLDXfJMsNJWK4Je9vqf0J99EKUF4TQeFhQA=,40:19.7,0,user31,,kushal.bhattarai23+user31@gmail.com,0,1,39:43.5,
33,pbkdf2_sha256$720000$TGoglVNG7FQaixFVGorlmy$ksL/Chi2qLDXfJMsNJWK4Je9vqf0J99EKUF4TQeFhQA=,40:19.7,0,user32,,kushal.bhattarai23+user32@gmail.com,0,1,39:43.5,
34,pbkdf2_sha256$720000$TGoglVNG7FQaixFVGorlmy$ksL/Chi2qLDXfJMsNJWK4Je9vqf0J99EKUF4TQeFhQA=,40:19.7,0,user33,,kushal.bhattarai23+user33@gmail.com,0,1,39:43.5,
35,pbkdf2_sha256$720000$TGoglVNG7FQaixFVGorlmy$ksL/Chi2qLDXfJMsNJWK4Je9vqf0J99EKUF4TQeFhQA=,40:19.7,0,user34,,kushal.bhattarai23+user34@gmail.com,0,1,39:43.5,
36,pbkdf2_sha256$720000$TGoglVNG7FQaixFVGorlmy$ksL/Chi2qLDXfJMsNJWK4Je9vqf0J99EKUF4TQeFhQA=,40:19.7,0,user35,,kushal.bhattarai23+user35@gmail.com,0,1,39:43.5,
37,pbkdf2_sha256$720000$TGoglVNG7FQaixFVGorlmy$ksL/Chi2qLDXfJMsNJWK4Je9vqf0J99EKUF4TQeFhQA=,40:19.7,0,user36,,kushal.bhattarai23+user36@gmail.com,0,1,39:43.5,
38,pbkdf2_sha256$720000$TGoglVNG7FQaixFVGorlmy$ksL/Chi2qLDXfJMsNJWK4Je9vqf0J99EKUF4TQeFhQA=,40:19.7,0,user37,,kushal.bhattarai23+user37@gmail.com,0,1,39:43.5,
39,pbkdf2_sha256$720000$TGoglVNG7FQaixFVGorlmy$ksL/Chi2qLDXfJMsNJWK4Je9vqf0J99EKUF4TQeFhQA=,40:19.7,0,user38,,kushal.bhattarai23+user38@gmail.com,0,1,39:43.5,
40,pbkdf2_sha256$720000$TGoglVNG7FQaixFVGorlmy$ksL/Chi2qLDXfJMsNJWK4Je9vqf0J99EKUF4TQeFhQA=,40:19.7,0,user39,,kushal.bhattarai23+user39@gmail.com,0,1,39:43.5,
41,pbkdf2_sha256$720000$TGoglVNG7FQaixFVGorlmy$ksL/Chi2qLDXfJMsNJWK4Je9vqf0J99EKUF4TQeFhQA=,40:19.7,0,user40,,kushal.bhattarai23+user40@gmail.com,0,1,39:43.5,
42,pbkdf2_sha256$720000$TGoglVNG7FQaixFVGorlmy$ksL/Chi2qLDXfJMsNJWK4Je9vqf0J99EKUF4TQeFhQA=,40:19.7,0,user41,,kushal.bhattarai23+user41@gmail.com,0,1,39:43.5,
43,pbkdf2_sha256$720000$TGoglVNG7FQaixFVGorlmy$ksL/Chi2qLDXfJMsNJWK4Je9vqf0J99EKUF4TQeFhQA=,40:19.7,0,user42,,kushal.bhattarai23+user42@gmail.com,0,1,39:43.5,
44,pbkdf2_sha256$720000$TGoglVNG7FQaixFVGorlmy$ksL/Chi2qLDXfJMsNJWK4Je9vqf0J99EKUF4TQeFhQA=,40:19.7,0,user43,,kushal.bhattarai23+user43@gmail.com,0,1,39:43.5,
45,pbkdf2_sha256$720000$TGoglVNG7FQaixFVGorlmy$ksL/Chi2qLDXfJMsNJWK4Je9vqf0J99EKUF4TQeFhQA=,40:19.7,0,user44,,kushal.bhattarai23+user44@gmail.com,0,1,39:43.5,
46,pbkdf2_sha256$720000$TGoglVNG7FQaixFVGorlmy$ksL/Chi2qLDXfJMsNJWK4Je9vqf0J99EKUF4TQeFhQA=,40:19.7,0,user45,,kushal.bhattarai23+user45@gmail.com,0,1,39:43.5,
47,pbkdf2_sha256$720000$TGoglVNG7FQaixFVGorlmy$ksL/Chi2qLDXfJMsNJWK4Je9vqf0J99EKUF4TQeFhQA=,40:19.7,0,user46,,kushal.bhattarai23+user46@gmail.com,0,1,39:43.5,
48,pbkdf2_sha256$720000$TGoglVNG7FQaixFVGorlmy$ksL/Chi2qLDXfJMsNJWK4Je9vqf0J99EKUF4TQeFhQA=,40:19.7,0,user47,,kushal.bhattarai23+user47@gmail.com,0,1,39:43.5,
49,pbkdf2_sha256$720000$TGoglVNG7FQaixFVGorlmy$ksL/Chi2qLDXfJMsNJWK4Je9vqf0J99EKUF4TQeFhQA=,40:19.7,0,user48,,kushal.bhattarai23+user48@gmail.com,0,1,39:43.5,
50,pbkdf2_sha256$720000$TGoglVNG7FQaixFVGorlmy$ksL/Chi2qLDXfJMsNJWK4Je9vqf0J99EKUF4TQeFhQA=,40:19.7,0,user49,,kushal.bhattarai23+user49@gmail.com,0,1,39:43.5,
51,pbkdf2_sha256$720000$TGoglVNG7FQaixFVGorlmy$ksL/Chi2qLDXfJMsNJWK4Je9vqf0J99EKUF4TQeFhQA=,40:19.7,0,user50,,kushal.bhattarai23+user50@gmail.com,0,1,39:43.5,
52,pbkdf2_sha256$720000$TGoglVNG7FQaixFVGorlmy$ksL/Chi2qLDXfJMsNJWK4Je9vqf0J99EKUF4TQeFhQA=,40:19.7,0,user51,,kushal.bhattarai23+user51@gmail.com,0,1,39:43.5,
53,pbkdf2_sha256$720000$TGoglVNG7FQaixFVGorlmy$ksL/Chi2qLDXfJMsNJWK4Je9vqf0J99EKUF4TQeFhQA=,40:19.7,0,user52,,kushal.bhattarai23+user52@gmail.com,0,1,39:43.5,
54,pbkdf2_sha256$720000$TGoglVNG7FQaixFVGorlmy$ksL/Chi2qLDXfJMsNJWK4Je9vqf0J99EKUF4TQeFhQA=,40:19.7,0,user53,,kushal.bhattarai23+user53@gmail.com,0,1,39:43.5,
55,pbkdf2_sha256$720000$TGoglVNG7FQaixFVGorlmy$ksL/Chi2qLDXfJMsNJWK4Je9vqf0J99EKUF4TQeFhQA=,40:19.7,0,user54,,kushal.bhattarai23+user54@gmail.com,0,1,39:43.5,
56,pbkdf2_sha256$720000$TGoglVNG7FQaixFVGorlmy$ksL/Chi2qLDXfJMsNJWK4Je9vqf0J99EKUF4TQeFhQA=,40:19.7,0,user55,,kushal.bhattarai23+user55@gmail.com,0,1,39:43.5,
57,pbkdf2_sha256$720000$TGoglVNG7FQaixFVGorlmy$ksL/Chi2qLDXfJMsNJWK4Je9vqf0J99EKUF4TQeFhQA=,40:19.7,0,user56,,kushal.bhattarai23+user56@gmail.com,0,1,39:43.5,
58,pbkdf2_sha256$720000$TGoglVNG7FQaixFVGorlmy$ksL/Chi2qLDXfJMsNJWK4Je9vqf0J99EKUF4TQeFhQA=,40:19.7,0,user57,,kushal.bhattarai23+user57@gmail.com,0,1,39:43.5,
59,pbkdf2_sha256$720000$TGoglVNG7FQaixFVGorlmy$ksL/Chi2qLDXfJMsNJWK4Je9vqf0J99EKUF4TQeFhQA=,40:19.7,0,user58,,kushal.bhattarai23+user58@gmail.com,0,1,39:43.5,
60,pbkdf2_sha256$720000$TGoglVNG7FQaixFVGorlmy$ksL/Chi2qLDXfJMsNJWK4Je9vqf0J99EKUF4TQeFhQA=,40:19.7,0,user59,,kushal.bhattarai23+user59@gmail.com,0,1,39:43.5,
61,pbkdf2_sha256$720000$TGoglVNG7FQaixFVGorlmy$ksL/Chi2qLDXfJMsNJWK4Je9vqf0J99EKUF4TQeFhQA=,40:19.7,0,user60,,kushal.bhattarai23+user60@gmail.com,0,1,39:43.5,
62,pbkdf2_sha256$720000$TGoglVNG7FQaixFVGorlmy$ksL/Chi2qLDXfJMsNJWK4Je9vqf0J99EKUF4TQeFhQA=,40:19.7,0,user61,,kushal.bhattarai23+user61@gmail.com,0,1,39:43.5,
63,pbkdf2_sha256$720000$TGoglVNG7FQaixFVGorlmy$ksL/Chi2qLDXfJMsNJWK4Je9vqf0J99EKUF4TQeFhQA=,40:19.7,0,user62,,kushal.bhattarai23+user62@gmail.com,0,1,39:43.5,
64,pbkdf2_sha256$720000$TGoglVNG7FQaixFVGorlmy$ksL/Chi2qLDXfJMsNJWK4Je9vqf0J99EKUF4TQeFhQA=,40:19.7,0,user63,,kushal.bhattarai23+user63@gmail.com,0,1,39:43.5,
65,pbkdf2_sha256$720000$TGoglVNG7FQaixFVGorlmy$ksL/Chi2qLDXfJMsNJWK4Je9vqf0J99EKUF4TQeFhQA=,40:19.7,0,user64,,kushal.bhattarai23+user64@gmail.com,0,1,39:43.5,
66,pbkdf2_sha256$720000$TGoglVNG7FQaixFVGorlmy$ksL/Chi2qLDXfJMsNJWK4Je9vqf0J99EKUF4TQeFhQA=,40:19.7,0,user65,,kushal.bhattarai23+user65@gmail.com,0,1,39:43.5,
67,pbkdf2_sha256$720000$TGoglVNG7FQaixFVGorlmy$ksL/Chi2qLDXfJMsNJWK4Je9vqf0J99EKUF4TQeFhQA=,40:19.7,0,user66,,kushal.bhattarai23+user66@gmail.com,0,1,39:43.5,
68,pbkdf2_sha256$720000$TGoglVNG7FQaixFVGorlmy$ksL/Chi2qLDXfJMsNJWK4Je9vqf0J99EKUF4TQeFhQA=,40:19.7,0,user67,,kushal.bhattarai23+user67@gmail.com,0,1,39:43.5,
69,pbkdf2_sha256$720000$TGoglVNG7FQaixFVGorlmy$ksL/Chi2qLDXfJMsNJWK4Je9vqf0J99EKUF4TQeFhQA=,40:19.7,0,user68,,kushal.bhattarai23+user68@gmail.com,0,1,39:43.5,
70,pbkdf2_sha256$720000$TGoglVNG7FQaixFVGorlmy$ksL/Chi2qLDXfJMsNJWK4Je9vqf0J99EKUF4TQeFhQA=,40:19.7,0,user69,,kushal.bhattarai23+user69@gmail.com,0,1,39:43.5,
71,pbkdf2_sha256$720000$TGoglVNG7FQaixFVGorlmy$ksL/Chi2qLDXfJMsNJWK4Je9vqf0J99EKUF4TQeFhQA=,40:19.7,0,user70,,kushal.bhattarai23+user70@gmail.com,0,1,39:43.5,
72,pbkdf2_sha256$720000$TGoglVNG7FQaixFVGorlmy$ksL/Chi2qLDXfJMsNJWK4Je9vqf0J99EKUF4TQeFhQA=,40:19.7,0,user71,,kushal.bhattarai23+user71@gmail.com,0,1,39:43.5,
73,pbkdf2_sha256$720000$TGoglVNG7FQaixFVGorlmy$ksL/Chi2qLDXfJMsNJWK4Je9vqf0J99EKUF4TQeFhQA=,40:19.7,0,user72,,kushal.bhattarai23+user72@gmail.com,0,1,39:43.5,
74,pbkdf2_sha256$720000$TGoglVNG7FQaixFVGorlmy$ksL/Chi2qLDXfJMsNJWK4Je9vqf0J99EKUF4TQeFhQA=,40:19.7,0,user73,,kushal.bhattarai23+user73@gmail.com,0,1,39:43.5,
75,pbkdf2_sha256$720000$TGoglVNG7FQaixFVGorlmy$ksL/Chi2qLDXfJMsNJWK4Je9vqf0J99EKUF4TQeFhQA=,40:19.7,0,user74,,kushal.bhattarai23+user74@gmail.com,0,1,39:43.5,
76,pbkdf2_sha256$720000$TGoglVNG7FQaixFVGorlmy$ksL/Chi2qLDXfJMsNJWK4Je9vqf0J99EKUF4TQeFhQA=,40:19.7,0,user75,,kushal.bhattarai23+user75@gmail.com,0,1,39:43.5,
77,pbkdf2_sha256$720000$TGoglVNG7FQaixFVGorlmy$ksL/Chi2qLDXfJMsNJWK4Je9vqf0J99EKUF4TQeFhQA=,40:19.7,0,user76,,kushal.bhattarai23+user76@gmail.com,0,1,39:43.5,
78,pbkdf2_sha256$720000$TGoglVNG7FQaixFVGorlmy$ksL/Chi2qLDXfJMsNJWK4Je9vqf0J99EKUF4TQeFhQA=,40:19.7,0,user77,,kushal.bhattarai23+user77@gmail.com,0,1,39:43.5,
79,pbkdf2_sha256$720000$TGoglVNG7FQaixFVGorlmy$ksL/Chi2qLDXfJMsNJWK4Je9vqf0J99EKUF4TQeFhQA=,40:19.7,0,user78,,kushal.bhattarai23+user78@gmail.com,0,1,39:43.5,
80,pbkdf2_sha256$720000$TGoglVNG7FQaixFVGorlmy$ksL/Chi2qLDXfJMsNJWK4Je9vqf0J99EKUF4TQeFhQA=,40:19.7,0,user79,,kushal.bhattarai23+user79@gmail.com,0,1,39:43.5,
81,pbkdf2_sha256$720000$TGoglVNG7FQaixFVGorlmy$ksL/Chi2qLDXfJMsNJWK4Je9vqf0J99EKUF4TQeFhQA=,40:19.7,0,user80,,kushal.bhattarai23+user80@gmail.com,0,1,39:43.5,
82,pbkdf2_sha256$720000$TGoglVNG7FQaixFVGorlmy$ksL/Chi2qLDXfJMsNJWK4Je9vqf0J99EKUF4TQeFhQA=,40:19.7,0,user81,,kushal.bhattarai23+user81@gmail.com,0,1,39:43.5,
83,pbkdf2_sha256$720000$TGoglVNG7FQaixFVGorlmy$ksL/Chi2qLDXfJMsNJWK4Je9vqf0J99EKUF4TQeFhQA=,40:19.7,0,user82,,kushal.bhattarai23+user82@gmail.com,0,1,39:43.5,
84,pbkdf2_sha256$720000$TGoglVNG7FQaixFVGorlmy$ksL/Chi2qLDXfJMsNJWK4Je9vqf0J99EKUF4TQeFhQA=,40:19.7,0,user83,,kushal.bhattarai23+user83@gmail.com,0,1,39:43.5,
85,pbkdf2_sha256$720000$TGoglVNG7FQaixFVGorlmy$ksL/Chi2qLDXfJMsNJWK4Je9vqf0J99EKUF4TQeFhQA=,40:19.7,0,user84,,kushal.bhattarai23+user84@gmail.com,0,1,39:43.5,
86,pbkdf2_sha256$720000$TGoglVNG7FQaixFVGorlmy$ksL/Chi2qLDXfJMsNJWK4Je9vqf0J99EKUF4TQeFhQA=,40:19.7,0,user85,,kushal.bhattarai23+user85@gmail.com,0,1,39:43.5,
87,pbkdf2_sha256$720000$TGoglVNG7FQaixFVGorlmy$ksL/Chi2qLDXfJMsNJWK4Je9vqf0J99EKUF4TQeFhQA=,40:19.7,0,user86,,kushal.bhattarai23+user86@gmail.com,0,1,39:43.5,
88,pbkdf2_sha256$720000$TGoglVNG7FQaixFVGorlmy$ksL/Chi2qLDXfJMsNJWK4Je9vqf0J99EKUF4TQeFhQA=,40:19.7,0,user87,,kushal.bhattarai23+user87@gmail.com,0,1,39:43.5,
89,pbkdf2_sha256$720000$TGoglVNG7FQaixFVGorlmy$ksL/Chi2qLDXfJMsNJWK4Je9vqf0J99EKUF4TQeFhQA=,40:19.7,0,user88,,kushal.bhattarai23+user88@gmail.com,0,1,39:43.5,
90,pbkdf2_sha256$720000$TGoglVNG7FQaixFVGorlmy$ksL/Chi2qLDXfJMsNJWK4Je9vqf0J99EKUF4TQeFhQA=,40:19.7,0,user89,,kushal.bhattarai23+user89@gmail.com,0,1,39:43.5,
91,pbkdf2_sha256$720000$TGoglVNG7FQaixFVGorlmy$ksL/Chi2qLDXfJMsNJWK4Je9vqf0J99EKUF4TQeFhQA=,40:19.7,0,user90,,kushal.bhattarai23+user90@gmail.com,0,1,39:43.5,
92,pbkdf2_sha256$720000$TGoglVNG7FQaixFVGorlmy$ksL/Chi2qLDXfJMsNJWK4Je9vqf0J99EKUF4TQeFhQA=,40:19.7,0,user91,,kushal.bhattarai23+user91@gmail.com,0,1,39:43.5,
93,pbkdf2_sha256$720000$TGoglVNG7FQaixFVGorlmy$ksL/Chi2qLDXfJMsNJWK4Je9vqf0J99EKUF4TQeFhQA=,40:19.7,0,user92,,kushal.bhattarai23+user92@gmail.com,0,1,39:43.5,
94,pbkdf2_sha256$720000$TGoglVNG7FQaixFVGorlmy$ksL/Chi2qLDXfJMsNJWK4Je9vqf0J99EKUF4TQeFhQA=,40:19.7,0,user93,,kushal.bhattarai23+user93@gmail.com,0,1,39:43.5,
95,pbkdf2_sha256$720000$TGoglVNG7FQaixFVGorlmy$ksL/Chi2qLDXfJMsNJWK4Je9vqf0J99EKUF4TQeFhQA=,40:19.7,0,user94,,kushal.bhattarai23+user94@gmail.com,0,1,39:43.5,
96,pbkdf2_sha256$720000$TGoglVNG7FQaixFVGorlmy$ksL/Chi2qLDXfJMsNJWK4Je9vqf0J99EKUF4TQeFhQA=,40:19.7,0,user95,,kushal.bhattarai23+user95@gmail.com,0,1,39:43.5,
97,pbkdf2_sha256$720000$TGoglVNG7FQaixFVGorlmy$ksL/Chi2qLDXfJMsNJWK4Je9vqf0J99EKUF4TQeFhQA=,40:19.7,0,user96,,kushal.bhattarai23+user96@gmail.com,0,1,39:43.5,
98,pbkdf2_sha256$720000$TGoglVNG7FQaixFVGorlmy$ksL/Chi2qLDXfJMsNJWK4Je9vqf0J99EKUF4TQeFhQA=,40:19.7,0,user97,,kushal.bhattarai23+user97@gmail.com,0,1,39:43.5,
99,pbkdf2_sha256$720000$TGoglVNG7FQaixFVGorlmy$ksL/Chi2qLDXfJMsNJWK4Je9vqf0J99EKUF4TQeFhQA=,40:19.7,0,user98,,kushal.bhattarai23+user98@gmail.com,0,1,39:43.5,
100,pbkdf2_sha256$720000$TGoglVNG7FQaixFVGorlmy$ksL/Chi2qLDXfJMsNJWK4Je9vqf0J99EKUF4TQeFhQA=,40:19.7,0,user99,,kushal.bhattarai23+user99@gmail.com,0,1,39:43.5,
101,pbkdf2_sha256$720000$TGoglVNG7FQaixFVGorlmy$ksL/Chi2qLDXfJMsNJWK4Je9vqf0J99EKUF4TQeFhQA=,40:19.7,0,user100,,kushal.bhattarai23+user100@gmail.com,0,1,39:43.5,
102,pbkdf2_sha256$720000$TGoglVNG7FQaixFVGorlmy$ksL/Chi2qLDXfJMsNJWK4Je9vqf0J99EKUF4TQeFhQA=,40:19.7,0,user101,,kushal.bhattarai23+user101@gmail.com,0,1,39:43.5,
103,pbkdf2_sha256$720000$TGoglVNG7FQaixFVGorlmy$ksL/Chi2qLDXfJMsNJWK4Je9vqf0J99EKUF4TQeFhQA=,40:19.7,0,user102,,kushal.bhattarai23+user102@gmail.com,0,1,39:43.5,
104,pbkdf2_sha256$720000$TGoglVNG7FQaixFVGorlmy$ksL/Chi2qLDXfJMsNJWK4Je9vqf0J99EKUF4TQeFhQA=,40:19.7,0,user103,,kushal.bhattarai23+user103@gmail.com,0,1,39:43.5,
105,pbkdf2_sha256$720000$TGoglVNG7FQaixFVGorlmy$ksL/Chi2qLDXfJMsNJWK4Je9vqf0J99EKUF4TQeFhQA=,40:19.7,0,user104,,kushal.bhattarai23+user104@gmail.com,0,1,39:43.5,
106,pbkdf2_sha256$720000$TGoglVNG7FQaixFVGorlmy$ksL/Chi2qLDXfJMsNJWK4Je9vqf0J99EKUF4TQeFhQA=,40:19.7,0,user105,,kushal.bhattarai23+user105@gmail.com,0,1,39:43.5,
107,pbkdf2_sha256$720000$TGoglVNG7FQaixFVGorlmy$ksL/Chi2qLDXfJMsNJWK4Je9vqf0J99EKUF4TQeFhQA=,40:19.7,0,user106,,kushal.bhattarai23+user106@gmail.com,0,1,39:43.5,
108,pbkdf2_sha256$720000$TGoglVNG7FQaixFVGorlmy$ksL/Chi2qLDXfJMsNJWK4Je9vqf0J99EKUF4TQeFhQA=,40:19.7,0,user107,,kushal.bhattarai23+user107@gmail.com,0,1,39:43.5,
109,pbkdf2_sha256$720000$TGoglVNG7FQaixFVGorlmy$ksL/Chi2qLDXfJMsNJWK4Je9vqf0J99EKUF4TQeFhQA=,40:19.7,0,user108,,kushal.bhattarai23+user108@gmail.com,0,1,39:43.5,
110,pbkdf2_sha256$720000$TGoglVNG7FQaixFVGorlmy$ksL/Chi2qLDXfJMsNJWK4Je9vqf0J99EKUF4TQeFhQA=,40:19.7,0,user109,,kushal.bhattarai23+user109@gmail.com,0,1,39:43.5,
111,pbkdf2_sha256$720000$TGoglVNG7FQaixFVGorlmy$ksL/Chi2qLDXfJMsNJWK4Je9vqf0J99EKUF4TQeFhQA=,40:19.7,0,user110,,kushal.bhattarai23+user110@gmail.com,0,1,39:43.5,
112,pbkdf2_sha256$720000$TGoglVNG7FQaixFVGorlmy$ksL/Chi2qLDXfJMsNJWK4Je9vqf0J99EKUF4TQeFhQA=,40:19.7,0,user111,,kushal.bhattarai23+user111@gmail.com,0,1,39:43.5,
113,pbkdf2_sha256$720000$TGoglVNG7FQaixFVGorlmy$ksL/Chi2qLDXfJMsNJWK4Je9vqf0J99EKUF4TQeFhQA=,40:19.7,0,user112,,kushal.bhattarai23+user112@gmail.com,0,1,39:43.5,
114,pbkdf2_sha256$720000$TGoglVNG7FQaixFVGorlmy$ksL/Chi2qLDXfJMsNJWK4Je9vqf0J99EKUF4TQeFhQA=,40:19.7,0,user113,,kushal.bhattarai23+user113@gmail.com,0,1,39:43.5,
115,pbkdf2_sha256$720000$TGoglVNG7FQaixFVGorlmy$ksL/Chi2qLDXfJMsNJWK4Je9vqf0J99EKUF4TQeFhQA=,40:19.7,0,user114,,kushal.bhattarai23+user114@gmail.com,0,1,39:43.5,
116,pbkdf2_sha256$720000$TGoglVNG7FQaixFVGorlmy$ksL/Chi2qLDXfJMsNJWK4Je9vqf0J99EKUF4TQeFhQA=,40:19.7,0,user115,,kushal.bhattarai23+user115@gmail.com,0,1,39:43.5,
117,pbkdf2_sha256$720000$TGoglVNG7FQaixFVGorlmy$ksL/Chi2qLDXfJMsNJWK4Je9vqf0J99EKUF4TQeFhQA=,40:19.7,0,user116,,kushal.bhattarai23+user116@gmail.com,0,1,39:43.5,
118,pbkdf2_sha256$720000$TGoglVNG7FQaixFVGorlmy$ksL/Chi2qLDXfJMsNJWK4Je9vqf0J99EKUF4TQeFhQA=,40:19.7,0,user117,,kushal.bhattarai23+user117@gmail.com,0,1,39:43.5,
119,pbkdf2_sha256$720000$TGoglVNG7FQaixFVGorlmy$ksL/Chi2qLDXfJMsNJWK4Je9vqf0J99EKUF4TQeFhQA=,40:19.7,0,user118,,kushal.bhattarai23+user118@gmail.com,0,1,39:43.5,
120,pbkdf2_sha256$720000$TGoglVNG7FQaixFVGorlmy$ksL/Chi2qLDXfJMsNJWK4Je9vqf0J99EKUF4TQeFhQA=,40:19.7,0,user119,,kushal.bhattarai23+user119@gmail.com,0,1,39:43.5,
121,pbkdf2_sha256$720000$TGoglVNG7FQaixFVGorlmy$ksL/Chi2qLDXfJMsNJWK4Je9vqf0J99EKUF4TQeFhQA=,40:19.7,0,user120,,kushal.bhattarai23+user120@gmail.com,0,1,39:43.5,
122,pbkdf2_sha256$720000$TGoglVNG7FQaixFVGorlmy$ksL/Chi2qLDXfJMsNJWK4Je9vqf0J99EKUF4TQeFhQA=,40:19.7,0,user121,,kushal.bhattarai23+user121@gmail.com,0,1,39:43.5,
123,pbkdf2_sha256$720000$TGoglVNG7FQaixFVGorlmy$ksL/Chi2qLDXfJMsNJWK4Je9vqf0J99EKUF4TQeFhQA=,40:19.7,0,user122,,kushal.bhattarai23+user122@gmail.com,0,1,39:43.5,
124,pbkdf2_sha256$720000$TGoglVNG7FQaixFVGorlmy$ksL/Chi2qLDXfJMsNJWK4Je9vqf0J99EKUF4TQeFhQA=,40:19.7,0,user123,,kushal.bhattarai23+user123@gmail.com,0,1,39:43.5,
125,pbkdf2_sha256$720000$TGoglVNG7FQaixFVGorlmy$ksL/Chi2qLDXfJMsNJWK4Je9vqf0J99EKUF4TQeFhQA=,40:19.7,0,user124,,kushal.bhattarai23+user124@gmail.com,0,1,39:43.5,
127,pbkdf2_sha256$720000$TGoglVNG7FQaixFVGorlmy$ksL/Chi2qLDXfJMsNJWK4Je9vqf0J99EKUF4TQeFhQA=,40:19.7,0,user125,,kushal.bhattarai23+user125@gmail.com,0,1,39:43.5,
128,pbkdf2_sha256$720000$TGoglVNG7FQaixFVGorlmy$ksL/Chi2qLDXfJMsNJWK4Je9vqf0J99EKUF4TQeFhQA=,40:19.7,0,user126,,kushal.bhattarai23+user126@gmail.com,0,1,39:43.5,
129,pbkdf2_sha256$720000$TGoglVNG7FQaixFVGorlmy$ksL/Chi2qLDXfJMsNJWK4Je9vqf0J99EKUF4TQeFhQA=,40:19.7,0,user127,,kushal.bhattarai23+user127@gmail.com,0,1,39:43.5,
130,pbkdf2_sha256$720000$TGoglVNG7FQaixFVGorlmy$ksL/Chi2qLDXfJMsNJWK4Je9vqf0J99EKUF4TQeFhQA=,40:19.7,0,user128,,kushal.bhattarai23+user128@gmail.com,0,1,39:43.5,
131,pbkdf2_sha256$720000$TGoglVNG7FQaixFVGorlmy$ksL/Chi2qLDXfJMsNJWK4Je9vqf0J99EKUF4TQeFhQA=,40:19.7,0,user129,,kushal.bhattarai23+user129@gmail.com,0,1,39:43.5,
132,pbkdf2_sha256$720000$TGoglVNG7FQaixFVGorlmy$ksL/Chi2qLDXfJMsNJWK4Je9vqf0J99EKUF4TQeFhQA=,40:19.7,0,user130,,kushal.bhattarai23+user130@gmail.com,0,1,39:43.5,
133,pbkdf2_sha256$720000$TGoglVNG7FQaixFVGorlmy$ksL/Chi2qLDXfJMsNJWK4Je9vqf0J99EKUF4TQeFhQA=,40:19.7,0,user131,,kushal.bhattarai23+user131@gmail.com,0,1,39:43.5,
134,pbkdf2_sha256$720000$TGoglVNG7FQaixFVGorlmy$ksL/Chi2qLDXfJMsNJWK4Je9vqf0J99EKUF4TQeFhQA=,40:19.7,0,user132,,kushal.bhattarai23+user132@gmail.com,0,1,39:43.5,
135,pbkdf2_sha256$720000$TGoglVNG7FQaixFVGorlmy$ksL/Chi2qLDXfJMsNJWK4Je9vqf0J99EKUF4TQeFhQA=,40:19.7,0,user133,,kushal.bhattarai23+user133@gmail.com,0,1,39:43.5,
136,pbkdf2_sha256$720000$TGoglVNG7FQaixFVGorlmy$ksL/Chi2qLDXfJMsNJWK4Je9vqf0J99EKUF4TQeFhQA=,40:19.7,0,user134,,kushal.bhattarai23+user134@gmail.com,0,1,39:43.5,
137,pbkdf2_sha256$720000$TGoglVNG7FQaixFVGorlmy$ksL/Chi2qLDXfJMsNJWK4Je9vqf0J99EKUF4TQeFhQA=,40:19.7,0,user135,,kushal.bhattarai23+user135@gmail.com,0,1,39:43.5,
138,pbkdf2_sha256$720000$TGoglVNG7FQaixFVGorlmy$ksL/Chi2qLDXfJMsNJWK4Je9vqf0J99EKUF4TQeFhQA=,40:19.7,0,user136,,kushal.bhattarai23+user136@gmail.com,0,1,39:43.5,
139,pbkdf2_sha256$720000$TGoglVNG7FQaixFVGorlmy$ksL/Chi2qLDXfJMsNJWK4Je9vqf0J99EKUF4TQeFhQA=,40:19.7,0,user137,,kushal.bhattarai23+user137@gmail.com,0,1,39:43.5,
140,pbkdf2_sha256$720000$TGoglVNG7FQaixFVGorlmy$ksL/Chi2qLDXfJMsNJWK4Je9vqf0J99EKUF4TQeFhQA=,40:19.7,0,user138,,kushal.bhattarai23+user138@gmail.com,0,1,39:43.5,
141,pbkdf2_sha256$720000$TGoglVNG7FQaixFVGorlmy$ksL/Chi2qLDXfJMsNJWK4Je9vqf0J99EKUF4TQeFhQA=,40:19.7,0,user139,,kushal.bhattarai23+user139@gmail.com,0,1,39:43.5,
142,pbkdf2_sha256$720000$TGoglVNG7FQaixFVGorlmy$ksL/Chi2qLDXfJMsNJWK4Je9vqf0J99EKUF4TQeFhQA=,40:19.7,0,user140,,kushal.bhattarai23+user140@gmail.com,0,1,39:43.5,
143,pbkdf2_sha256$720000$TGoglVNG7FQaixFVGorlmy$ksL/Chi2qLDXfJMsNJWK4Je9vqf0J99EKUF4TQeFhQA=,40:19.7,0,user141,,kushal.bhattarai23+user141@gmail.com,0,1,39:43.5,
144,pbkdf2_sha256$720000$TGoglVNG7FQaixFVGorlmy$ksL/Chi2qLDXfJMsNJWK4Je9vqf0J99EKUF4TQeFhQA=,40:19.7,0,user142,,kushal.bhattarai23+user142@gmail.com,0,1,39:43.5,
145,pbkdf2_sha256$720000$TGoglVNG7FQaixFVGorlmy$ksL/Chi2qLDXfJMsNJWK4Je9vqf0J99EKUF4TQeFhQA=,40:19.7,0,user143,,kushal.bhattarai23+user143@gmail.com,0,1,39:43.5,
146,pbkdf2_sha256$720000$TGoglVNG7FQaixFVGorlmy$ksL/Chi2qLDXfJMsNJWK4Je9vqf0J99EKUF4TQeFhQA=,40:19.7,0,user144,,kushal.bhattarai23+user144@gmail.com,0,1,39:43.5,
147,pbkdf2_sha256$720000$TGoglVNG7FQaixFVGorlmy$ksL/Chi2qLDXfJMsNJWK4Je9vqf0J99EKUF4TQeFhQA=,40:19.7,0,user145,,kushal.bhattarai23+user145@gmail.com,0,1,39:43.5,
148,pbkdf2_sha256$720000$TGoglVNG7FQaixFVGorlmy$ksL/Chi2qLDXfJMsNJWK4Je9vqf0J99EKUF4TQeFhQA=,40:19.7,0,user146,,kushal.bhattarai23+user146@gmail.com,0,1,39:43.5,
149,pbkdf2_sha256$720000$TGoglVNG7FQaixFVGorlmy$ksL/Chi2qLDXfJMsNJWK4Je9vqf0J99EKUF4TQeFhQA=,40:19.7,0,user147,,kushal.bhattarai23+user147@gmail.com,0,1,39:43.5,
150,pbkdf2_sha256$720000$TGoglVNG7FQaixFVGorlmy$ksL/Chi2qLDXfJMsNJWK4Je9vqf0J99EKUF4TQeFhQA=,40:19.7,0,user148,,kushal.bhattarai23+user148@gmail.com,0,1,39:43.5,
151,pbkdf2_sha256$720000$TGoglVNG7FQaixFVGorlmy$ksL/Chi2qLDXfJMsNJWK4Je9vqf0J99EKUF4TQeFhQA=,40:19.7,0,user149,,kushal.bhattarai23+user149@gmail.com,0,1,39:43.5,
152,pbkdf2_sha256$720000$TGoglVNG7FQaixFVGorlmy$ksL/Chi2qLDXfJMsNJWK4Je9vqf0J99EKUF4TQeFhQA=,40:19.7,0,user150,,kushal.bhattarai23+user150@gmail.com,0,1,39:43.5,
153,pbkdf2_sha256$720000$TGoglVNG7FQaixFVGorlmy$ksL/Chi2qLDXfJMsNJWK4Je9vqf0J99EKUF4TQeFhQA=,40:19.7,0,user151,,kushal.bhattarai23+user151@gmail.com,0,1,39:43.5,
154,pbkdf2_sha256$720000$TGoglVNG7FQaixFVGorlmy$ksL/Chi2qLDXfJMsNJWK4Je9vqf0J99EKUF4TQeFhQA=,40:19.7,0,user152,,kushal.bhattarai23+user152@gmail.com,0,1,39:43.5,
155,pbkdf2_sha256$720000$TGoglVNG7FQaixFVGorlmy$ksL/Chi2qLDXfJMsNJWK4Je9vqf0J99EKUF4TQeFhQA=,40:19.7,0,user153,,kushal.bhattarai23+user153@gmail.com,0,1,39:43.5,
156,pbkdf2_sha256$720000$TGoglVNG7FQaixFVGorlmy$ksL/Chi2qLDXfJMsNJWK4Je9vqf0J99EKUF4TQeFhQA=,40:19.7,0,user154,,kushal.bhattarai23+user154@gmail.com,0,1,39:43.5,
157,pbkdf2_sha256$720000$TGoglVNG7FQaixFVGorlmy$ksL/Chi2qLDXfJMsNJWK4Je9vqf0J99EKUF4TQeFhQA=,40:19.7,0,user155,,kushal.bhattarai23+user155@gmail.com,0,1,39:43.5,
158,pbkdf2_sha256$720000$TGoglVNG7FQaixFVGorlmy$ksL/Chi2qLDXfJMsNJWK4Je9vqf0J99EKUF4TQeFhQA=,40:19.7,0,user156,,kushal.bhattarai23+user156@gmail.com,0,1,39:43.5,
159,pbkdf2_sha256$720000$TGoglVNG7FQaixFVGorlmy$ksL/Chi2qLDXfJMsNJWK4Je9vqf0J99EKUF4TQeFhQA=,40:19.7,0,user157,,kushal.bhattarai23+user157@gmail.com,0,1,39:43.5,
160,pbkdf2_sha256$720000$TGoglVNG7FQaixFVGorlmy$ksL/Chi2qLDXfJMsNJWK4Je9vqf0J99EKUF4TQeFhQA=,40:19.7,0,user158,,kushal.bhattarai23+user158@gmail.com,0,1,39:43.5,
161,pbkdf2_sha256$720000$TGoglVNG7FQaixFVGorlmy$ksL/Chi2qLDXfJMsNJWK4Je9vqf0J99EKUF4TQeFhQA=,40:19.7,0,user159,,kushal.bhattarai23+user159@gmail.com,0,1,39:43.5,
162,pbkdf2_sha256$720000$TGoglVNG7FQaixFVGorlmy$ksL/Chi2qLDXfJMsNJWK4Je9vqf0J99EKUF4TQeFhQA=,40:19.7,0,user160,,kushal.bhattarai23+user160@gmail.com,0,1,39:43.5,
163,pbkdf2_sha256$720000$TGoglVNG7FQaixFVGorlmy$ksL/Chi2qLDXfJMsNJWK4Je9vqf0J99EKUF4TQeFhQA=,40:19.7,0,user161,,kushal.bhattarai23+user161@gmail.com,0,1,39:43.5,
164,pbkdf2_sha256$720000$TGoglVNG7FQaixFVGorlmy$ksL/Chi2qLDXfJMsNJWK4Je9vqf0J99EKUF4TQeFhQA=,40:19.7,0,user162,,kushal.bhattarai23+user162@gmail.com,0,1,39:43.5,
165,pbkdf2_sha256$720000$TGoglVNG7FQaixFVGorlmy$ksL/Chi2qLDXfJMsNJWK4Je9vqf0J99EKUF4TQeFhQA=,40:19.7,0,user163,,kushal.bhattarai23+user163@gmail.com,0,1,39:43.5,
166,pbkdf2_sha256$720000$TGoglVNG7FQaixFVGorlmy$ksL/Chi2qLDXfJMsNJWK4Je9vqf0J99EKUF4TQeFhQA=,40:19.7,0,user164,,kushal.bhattarai23+user164@gmail.com,0,1,39:43.5,
167,pbkdf2_sha256$720000$TGoglVNG7FQaixFVGorlmy$ksL/Chi2qLDXfJMsNJWK4Je9vqf0J99EKUF4TQeFhQA=,40:19.7,0,user165,,kushal.bhattarai23+user165@gmail.com,0,1,39:43.5,
168,pbkdf2_sha256$720000$TGoglVNG7FQaixFVGorlmy$ksL/Chi2qLDXfJMsNJWK4Je9vqf0J99EKUF4TQeFhQA=,40:19.7,0,user166,,kushal.bhattarai23+user166@gmail.com,0,1,39:43.5,
170,pbkdf2_sha256$720000$TGoglVNG7FQaixFVGorlmy$ksL/Chi2qLDXfJMsNJWK4Je9vqf0J99EKUF4TQeFhQA=,40:19.7,0,user167,,kushal.bhattarai23+user167@gmail.com,0,1,39:43.5,
171,pbkdf2_sha256$720000$TGoglVNG7FQaixFVGorlmy$ksL/Chi2qLDXfJMsNJWK4Je9vqf0J99EKUF4TQeFhQA=,40:19.7,0,user168,,kushal.bhattarai23+user168@gmail.com,0,1,39:43.5,
172,pbkdf2_sha256$720000$TGoglVNG7FQaixFVGorlmy$ksL/Chi2qLDXfJMsNJWK4Je9vqf0J99EKUF4TQeFhQA=,40:19.7,0,user169,,kushal.bhattarai23+user169@gmail.com,0,1,39:43.5,
